City,Violent,Nonviolent,Poverty-Families,Poverty-Individuals
"Abilene city, Texas",356.3018688,3874.341856,10.9,15.4
"Agawam city, Massachusetts",736.2052628,1858.736059,4.3,5.6
"Aiken city, South Carolina",0,0,10.1,14.4
"Akron city, Ohio",0,0,14,17.5
"Alameda city, California",391.1410439,3280.663127,6,8.2
"Alamogordo city, New Mexico",313.0891462,4026.393752,13.2,16.5
"Albany city, Georgia",679.1043841,6405.132125,21.5,27.1
"Albany city, New York",1136.479566,6098.63092,16,21.7
"Albany city, Oregon",219.9780022,6724.327567,9.3,11.6
"Albuquerque city, New Mexico",1168.005385,7802.84906,10,13.5
"Alexandria city, Louisiana",1149.474222,10796.54306,23.2,27.4
"Alexandria city, Virginia",0,0,6.8,8.9
"Alhambra city, California",291.6191201,2151.987736,11.5,14.3
"Allen city, Texas",143.9342015,2458.304775,2,3
"Allen Park city, Michigan",189.6393691,2161.888808,1.9,3.2
"Allentown city, Pennsylvania",670.8464561,4707.626003,14.6,18.5
"Alpharetta city, Georgia",355.4254652,8108.578995,2.9,5.2
"Altamonte Springs city, Florida",337.6598496,4310.551272,5.6,7.4
"Altoona city, Pennsylvania",379.8670465,3331.750554,12.9,17.7
"Amarillo city, Texas",801.61889,6872.456509,11.1,14.5
"Ames city, Iowa",140.7204889,3059.665487,7.6,20.4
"Anaheim city, California",459.9010546,2765.264939,10.4,14.1
"Anchorage municipality, Alaska",584.1318513,4347.259486,5.1,7.3
"Anderson city, Indiana",0,0,10.8,13.4
"Anderson city, South Carolina",0,0,15.4,20.8
"Andover city, Minnesota",135.7062541,2675.351867,1.2,2
"Ankeny city, Iowa",165.2023729,3213.937073,2.5,4
"Ann Arbor city, Michigan",274.0072888,3324.260045,4.6,16.6
"Annapolis city, Maryland",1562.269713,5565.217391,9.5,12.7
"Antioch city, California",612.4682704,2654.805431,6.5,8.5
"Apache Junction city, Arizona",334.3239227,5559.683011,7.3,11.6
"Apopka city, Florida",1190.527172,7305.896964,7.1,9.5
"Apple Valley city, Minnesota",107.6181212,2725.635878,1.1,2.1
"Apple Valley town, California",313.4690576,2907.172711,13.3,17.3
"Appleton city, Wisconsin",141.343786,2385.358532,3.3,5.5
"Arcadia city, California",265.5408245,2600.007641,6.7,7.9
"Arlington CDP, Virginia",0,0,5,7.8
"Arlington city, Texas",664.6473548,5954.094037,7.3,9.9
"Arvada city, Colorado",109.0522882,3116.0506,3.5,5.2
"Asheville city, North Carolina",703.058593,6748.209938,10.3,15.5
"Atascadero city, California",527.9747833,2509.850276,6.9,9
"Athens-Clarke County (balance), Georgia",445.6800866,6766.909315,15,28.6
"Atlanta city, Georgia",2743.057693,10392.73823,21.3,24.4
"Atlantic City city, New Jersey",1360.264867,16767.18938,19.1,23.6
"Attleboro city, Massachusetts",268.1226539,2271.730122,3.7,6.2
"Auburn city, Alabama",288.3240301,4437.883471,14,38.1
"Auburn city, New York",244.2002442,3484.803485,12.5,16.5
"Auburn city, Washington",0,0,10.2,12.8
"Augusta-Richmond County (balance), Georgia",0,0,16.3,19.6
"Aurora city, Colorado",573.7335177,5214.301958,6.8,8.9
"Austin city, Texas",500.8494655,5822.967782,9.1,14.4
"Aventura city, Florida",502.7959212,14332.03327,5.6,9.1
"Avondale city, Arizona",467.1196312,5769.230769,10.3,13.8
"Azusa city, California",332.9582769,2452.409929,15.1,18.8
"Bakersfield city, California",315.1047855,4208.585285,14.6,18
"Baldwin Park city, California",406.0176658,1913.122975,15.4,18.2
"Ballwin city, Missouri",53.39805825,1490.291262,2,3.2
"Baltimore city, Maryland",2469.770277,7698.528447,18.8,22.9
"Bangor city, Maine",165.5031295,5476.649013,11.9,16.6
"Barberton city, Ohio",366.0083348,5062.511325,11.5,13.3
"Barnstable Town city, Massachusetts",0,2736.197614,6.3,8.8
"Bartlesville city, Oklahoma",447.6922188,3919.473167,9.4,12.7
"Bartlett city, Tennessee",168.787328,2425.344066,2.1,2.7
"Baton Rouge city, Louisiana",0,0,18,24
"Battle Creek city, Michigan",1576.53495,7751.450856,10.7,14.4
"Bay City city, Michigan",541.8817557,4380.686193,10.3,14.6
"Bayonne city, New Jersey",274.9549781,1905.389761,8.4,10.1
"Baytown city, Texas",330.1469776,4166.206211,13,15.5
"Beaumont city, Texas",940.2630633,6283.025316,16.4,19.6
"Beavercreek city, Ohio",84.92878115,3889.738177,1.5,2.4
"Beaverton city, Oregon",244.7006545,4126.884045,5,7.8
"Bedford city, Texas",219.1143968,2838.960445,2.4,3.7
"Bell city, California",717.3521673,1750.450076,21.2,24.1
"Bell Gardens city, California",825.252282,1834.380404,25.3,27.3
"Bellevue city, Nebraska",82.70938534,3169.075396,4.1,5.9
"Bellevue city, Washington",128.6489088,4046.424671,3.8,5.7
"Bellflower city, California",664.1583012,3116.669459,12.8,15.8
"Bellingham city, Washington",207.6650084,6222.201559,9.4,20.6
"Belmont city, California",305.2226995,1503.504409,1.7,4
"Beloit city, Wisconsin",295.906625,4208.449778,9.6,12.5
"Bend city, Oregon",356.0052464,7328.88996,6.9,10.5
"Benicia city, California",183.2357274,1749.721554,3.1,4.3
"Bergenfield borough, New Jersey",86.60735375,1015.668058,2.6,3.5
"Berkeley city, California",681.1632172,6264.17208,8.3,20
"Bessemer city, Alabama",1433.335471,11168.47303,24.2,27.2
"Bethel Park borough, Pennsylvania",0,0,2.5,3.7
"Bethlehem city, Pennsylvania",311.9072708,3127.502634,11.1,15
"Bettendorf city, Iowa",192.6782274,2318.354155,3.3,4.8
"Beverly city, Massachusetts",0,0,4,5.7
"Beverly Hills city, California",368.605592,4216.488357,7.9,9.1
"Big Spring city, Texas",415.1916437,4772.518684,17.1,22.2
"Billings city, Montana",0,0,9.2,12
"Biloxi city, Mississippi",643.9648672,9871.410813,11.2,14.6
"Binghamton city, New York",365.6983194,4491.10408,16.5,23.7
"Birmingham city, Alabama",1160.839491,7012.305608,20.9,24.7
"Bismarck city, North Dakota",55.50482534,3344.613346,5.7,8.4
"Blacksburg town, Virginia",166.2486968,1845.642312,15.9,43.2
"Blaine city, Minnesota",0,0,2.1,3
"Bloomington city, Indiana",178.6551078,3816.190253,10.3,29.6
"Bloomington city, Minnesota",271.3169567,5046.945714,2.3,4
"Blue Springs city, Missouri",0,0,3.9,4.8
"Boca Raton city, Florida",272.1158955,4019.540513,4.1,6.7
"Boise City city, Idaho",375.170924,4413.572799,5.9,8.4
"Bonita Springs city, Florida",0,0,3.5,6.7
"Bossier City city, Louisiana",844.5477248,6390.468923,11.4,14.8
"Boston city, Massachusetts",1282.563305,5000.630597,15.3,19.5
"Bothell city, Washington",148.0956827,2475.773478,3.6,5.1
"Boulder city, Colorado",225.3183397,3465.561435,6.4,17.4
"Bountiful city, Utah",240.9303619,2212.389381,3,4
"Bowie city, Maryland",0,0,0.7,1.6
"Bowling Green city, Kentucky",600.2452615,5770.099611,15.7,21.8
"Bowling Green city, Ohio",122.3740567,3878.577742,8,25.3
"Boynton Beach city, Florida",861.150263,7717.693974,7.4,10.2
"Bozeman city, Montana",0,0,9.2,20.2
"Bradenton city, Florida",924.6259377,5890.729672,9.7,13.6
"Brea city, California",423.1196941,3520.572839,3.4,5.3
"Bremerton city, Washington",930.6464025,6134.570989,16,19.4
"Brentwood city, Tennessee",43.88589667,2577.299023,1.5,2
"Bridgeport city, Connecticut",1395.237626,4863.640839,16.2,18.4
"Bristol city, Connecticut",386.1758811,2434.374542,4.8,6.6
"Bristol city, Tennessee",494.3890764,3656.909676,11.5,15
"Brockton city, Massachusetts",1034.364582,4026.336833,12.1,14.5
"Broken Arrow city, Oklahoma",167.9282817,2704.937091,3.4,4.5
"Brookfield city, Wisconsin",79.2514572,2807.035484,1.4,2.2
"Brooklyn Center city, Minnesota",475.8738934,7512.509185,4.7,7.4
"Brooklyn Park city, Minnesota",473.5079172,4759.439708,3.8,5.1
"Broomfield city, Colorado",135.7991161,2980.173329,2.1,4.2
"Brownsville city, Texas",593.545196,6838.786096,32.4,36
"Brunswick city, Ohio",0,0,3.2,4.6
"Bryan city, Texas",717.8516657,6597.709401,15.5,22.3
"Buena Park city, California",376.0584863,2290.538053,8,11.3
"Buffalo city, New York",1186.228462,5381.656114,23,26.6
"Bullhead City city, Arizona",641.025641,4944.594769,11.3,15.1
"Burbank city, California",293.4492639,2840.628396,8.1,10.5
"Burien city, Washington",747.0300998,9026.310036,6.9,9.4
"Burlingame city, California",223.307746,2965.806001,3.7,5.7
"Burlington city, Iowa",571.7025671,4898.200059,10,12.6
"Burlington city, North Carolina",599.5582203,6626.696119,9.7,13.7
"Burlington city, Vermont",452.8570702,7238.0807,10.4,20
"Burnsville city, Minnesota",99.79718636,3051.862344,3.7,5.1
"Burton city, Michigan",435.8089704,6402.760123,5.5,8.7
"Butte-Silver Bow (balance), Montana",0,0,10.7,15
"Caldwell city, Idaho",558.7285821,5806.638523,12.6,16
"Calexico city, California",227.6707531,3884.41331,22.6,25.7
"Camarillo city, California",134.8596015,1735.514634,3.6,5.3
"Cambridge city, Massachusetts",544.1607367,4049.811637,8.7,12.9
"Camden city, New Jersey",1957.905616,5681.097461,32.8,35.5
"Campbell city, California",245.826078,2376.318754,3.2,4.8
"Canton city, Ohio",1456.041183,6646.815383,15.4,19.2
"Cape Coral city, Florida",215.3494626,3454.690675,5.3,7
"Cape Girardeau city, Missouri",293.0363898,6345.569823,8.5,15.2
"Carlsbad city, California",226.9154708,2378.175549,3.4,5.9
"Carlsbad city, New Mexico",488.018064,5805.229806,13.1,16.5
"Carmel city, Indiana",23.23371,1569.331503,1.6,2.5
"Carrollton city, Texas",193.5351806,3257.532054,4.1,5.6
"Carson city, California",916.0607192,2816.282595,7.2,9.3
"Carson City, Nevada",0,0,6.9,10
"Cary town, North Carolina",81.28048018,2310.241341,2.1,3.4
"Casa Grande city, Arizona",740.105952,9609.691493,12.4,16
"Casper city, Wyoming",348.3759238,4045.59093,8.5,11.4
"Cathedral City city, California",664.5514278,3807.429985,10.2,13.6
"Cedar Falls city, Iowa",340.6477986,2469.69654,5.6,16.7
"Cedar Hill city, Texas",312.3779774,3234.413641,4.2,5.5
"Cedar Park city, Texas",85.08224617,1832.813386,3,4.1
"Cedar Rapids city, Iowa",296.4267868,4992.674024,4.9,7.5
"Ceres city, California",525.1422872,6119.814587,10.1,12.9
"Cerritos city, California",365.6537637,3874.488895,4,5
"Chandler city, Arizona",245.1561011,4327.969281,4.6,6.6
"Chapel Hill town, North Carolina",480.3368938,5147.720045,6.4,21.6
"Charleston city, South Carolina",0,0,13.3,19.1
"Charleston city, West Virginia",0,0,12.7,16.7
"Charlottesville city, Virginia",1052.326195,5074.374934,12,25.9
"Chattanooga city, Tennessee",1791.25991,9991.482671,14,17.9
"Chelsea city, Massachusetts",1656.204561,3830.194702,20.6,23.3
"Chesapeake city, Virginia",0,0,6.1,7.3
"Chester city, Pennsylvania",2707.436328,4191.29631,22.8,27.2
"Chesterfield city, Missouri",75.15140798,2139.604792,1.8,2.6
"Cheyenne city, Wyoming",185.5220735,3744.663989,6.3,8.8
"Chico city, California",361.9363595,3540.190017,12.7,26.6
"Chicopee city, Massachusetts",0,2831.810368,9.6,12.3
"Chino city, California",383.2041191,2639.521809,6.3,8.3
"Chino Hills city, California",130.8705376,1552.223971,3.7,5.1
"Chula Vista city, California",501.9907553,3680.078799,8.6,10.6
"Cincinnati city, Ohio",800.2996255,5685.393258,18.2,21.9
"Citrus Heights city, California",0,0,5.6,8.3
"Claremont city, California",180.2156957,2711.683046,6,8
"Clarksville city, Tennessee",581.9101834,4252.420571,8.4,10.6
"Clearfield city, Utah",154.9896087,3015.252386,8.7,12.2
"Clearwater city, Florida",818.377059,4663.330085,8.4,12.3
"Cleburne city, Texas",333.8959419,6285.315917,10,13.5
"Cleveland city, Ohio",1193.963183,5246.046146,22.9,26.3
"Cleveland city, Tennessee",522.7503067,4630.074145,11.3,16.1
"Cleveland Heights city, Ohio",33.49834369,1533.479734,7.4,10.6
"Clifton city, New Jersey",281.3766995,2639.825035,4.3,6.3
"Clinton city, Iowa",0,0,10,12.5
"Clinton city, Mississippi",0,0,5.7,8
"Clovis city, California",142.9039269,4303.492215,7.6,10.6
"Clovis city, New Mexico",1366.20317,6038.61801,17.2,21
"Coconut Creek city, Florida",219.6475984,2442.674391,5.1,7.1
"Coeur d'Alene city, Idaho",615.0308952,6279.637879,9.3,12.8
"College Station city, Texas",210.7448415,3982.13387,15.4,37.4
"Collierville town, Tennessee",169.2301907,1714.865932,1.9,2.4
"Colorado Springs city, Colorado",462.0815752,4569.114317,6.1,8.7
"Colton city, California",456.0375405,3657.112643,18.2,19.6
"Columbia city, Missouri",454.0598291,3925.067988,9.4,19.2
"Columbia city, South Carolina",1332.871271,7523.614036,17,22.1
"Columbia city, Tennessee",1226.133652,5763.72315,10.9,13.9
"Columbus city, Indiana",189.1799574,6355.92107,6.5,8.1
"Columbus city, Mississippi",249.3954051,6476.723096,21,25.7
"Columbus city, Ohio",886.358968,8437.404408,10.8,14.8
"Compton city, California",1606.954689,3596.417281,25.5,28
"Concord city, California",391.7825275,3716.123677,5.2,7.6
"Concord city, New Hampshire",0,0,6.2,8
"Concord city, North Carolina",0,0,5.8,8.2
"Conroe city, Texas",766.1783424,5687.688737,15,19.3
"Conway city, Arkansas",180.0180018,4819.981998,9.3,16.3
"Cookeville city, Tennessee",495.397242,4761.728715,13.1,23.2
"Coon Rapids city, Minnesota",183.5058798,3613.536617,3.6,4.8
"Cooper City city, Florida",157.4699823,1702.644183,2.9,3.2
"Coppell city, Texas",31.39323162,517.9883217,1.4,1.9
"Copperas Cove city, Texas",452.1523692,3168.163518,8.1,9.6
"Coral Gables city, Florida",519.023434,6038.937895,4.3,6.9
"Coral Springs city, Florida",249.1227785,2995.172229,6.3,8
"Corona city, California",266.7430348,2688.704333,6,8.3
"Corpus Christi city, Texas",717.7310965,6107.877986,14.1,17.6
"Corvallis city, Oregon",143.1406978,4183.52546,9.7,20.6
"Costa Mesa city, California",259.0893246,3002.609736,8.2,12.6
"Cottage Grove city, Minnesota",106.4671169,2333.150818,1.8,2.2
"Council Bluffs city, Iowa",839.2731997,9052.527221,8.2,10.3
"Covina city, California",589.712788,4189.144916,8.9,11.6
"Covington city, Kentucky",0,0,15.5,18.4
"Cranston city, Rhode Island",178.9269424,2615.861495,5.6,7.3
"Culver City city, California",399.8342151,3461.979179,5.5,8.6
"Cupertino city, California",221.989797,2262.588316,3.7,4.8
"Cuyahoga Falls city, Ohio",152.0455429,2857.04183,4.5,6.1
"Cypress city, California",218.672174,1830.367086,4.6,6
"Dallas city, Texas",1432.858751,7950.124154,14.9,17.8
"Dalton city, Georgia",629.0054593,7449.165282,11.9,16
"Daly City city, California",323.5320228,1775.480613,4.2,7.1
"Dana Point city, California",195.2019916,1804.911169,3.4,6.7
"Danbury city, Connecticut",191.405463,2806.320698,5.9,8
"Dania Beach city, Florida",0,0,14.6,18.3
"Danville city, Virginia",0,0,15.9,20
"Danville town, California",109.463865,1258.834448,1.3,2.2
"Davenport city, Iowa",1595.728756,6353.974353,10.5,14.1
"Davie town, Florida",391.2990313,4555.644624,6.9,9.8
"Davis city, California",441.1943513,2699.275677,5.4,24.5
"Dayton city, Ohio",1196.798389,8394.568737,18.2,23
"Daytona Beach city, Florida",1651.177743,8250.043837,16.9,23.6
"Dearborn city, Michigan",866.3073929,5698.502526,12.2,16.1
"Dearborn Heights city, Michigan",245.7466919,2997.078536,4.4,6.1
"Decatur city, Alabama",0,0,11.9,14.9
"Deer Park city, Texas",78.015291,1713.21579,4,5.6
"Deerfield Beach city, Florida",549.7952105,3437.142541,9.2,12.5
"Del Rio city, Texas",390.1205338,3704.799828,22.9,27
"Delano city, California",264.9634629,4239.415407,25.7,28.2
"Delaware city, Ohio",159.0773514,3535.494134,4.8,7.3
"Delray Beach city, Florida",1036.043119,7465.45067,8.2,11.8
"Deltona city, Florida",0,0,6.2,8.1
"Denton city, Texas",327.6699029,3595.873786,8.7,16.2
"Denver city, Colorado",544.3622188,4418.485296,10.6,14.3
"Des Moines city, Iowa",367.1467817,6643.046035,7.9,11.4
"Des Moines city, Washington",352.6300323,3592.418454,5.6,7.6
"DeSoto city, Texas",505.3863546,3694.640245,4.1,5.5
"Detroit city, Michigan",2273.984718,7574.018655,21.7,26.1
"Diamond Bar city, California",210.0316827,1379.445374,5,6
"Dodge City city, Kansas",0,0,11.1,13.9
"Dothan city, Alabama",521.7537659,4769.839266,12.7,15.6
"Dover city, Delaware",0,6255.24266,11.5,13.8
"Dover city, New Hampshire",0,0,4.8,8.4
"Downey city, California",352.2221071,2837.459857,9.3,11.1
"Draper city, Utah",0,0,1.8,2.7
"Dublin city, California",294.2665485,1733.957727,1.9,2.9
"Dublin city, Ohio",57.98151839,2783.112883,2.1,2.7
"Dubuque city, Iowa",209.100178,3207.354796,5.5,9.5
"Duluth city, Minnesota",376.404023,4180.002637,8.6,15.5
"Duncanville city, Texas",449.3540535,3594.832428,3.9,6.1
"Dunedin city, Florida",230.5429684,3132.204468,4.8,8.2
"Durham city, North Carolina",979.0662275,7717.439153,11.3,15
"Eagan city, Minnesota",123.0171577,2944.31855,1.9,2.9
"East Chicago city, Indiana",0,0,22.5,24.4
"East Cleveland city, Ohio",0,0,28,32
"East Lansing city, Michigan",309.0564188,3224.843873,11,34.8
"East Orange city, New Jersey",1698.487306,5303.439957,15.9,19.2
"East Palo Alto city, California",1127.612761,3936.822254,13.5,16.2
"East Point city, Georgia",0,0,17.2,20.7
"East Providence city, Rhode Island",221.2957657,1774.317836,6.3,8.6
"Easton city, Pennsylvania",683.4768506,3988.879021,12.3,16
"Eastpointe city, Michigan",562.4760727,3949.112112,4.2,6.4
"Eau Claire city, Wisconsin",222.6845681,3962.810052,5.5,13.6
"Eden Prairie city, Minnesota",122.0463776,3037.154119,2.8,3.5
"Edina city, Minnesota",65.83418281,2900.95141,2,3.3
"Edinburg city, Texas",691.536607,9231.062048,25.2,29.2
"Edmond city, Oklahoma",74.34619085,2230.385726,4.4,7.2
"Edmonds city, Washington",71.89761779,2360.638451,2.6,4.6
"El Cajon city, California",647.6911775,3301.569565,13.5,16.7
"El Centro city, California",887.9408701,4308.249417,20.6,22.8
"El Monte city, California",927.539247,2252.099966,22.5,26.1
"El Paso city, Texas",689.6097336,4749.459576,19,22.2
"Elizabeth city, New Jersey",758.7558854,5421.560219,15.6,17.8
"Elkhart city, Indiana",642.7749836,10789.59832,11.1,13.6
"Elmira city, New York",0,0,17.9,23.1
"Elyria city, Ohio",0,0,9.5,11.7
"Emporia city, Kansas",0,0,12.4,17.9
"Encinitas city, California",277.928633,1903.970865,3.8,7.3
"Englewood city, Colorado",0,0,4.9,8.2
"Englewood city, New Jersey",218.7511993,2540.584104,6.6,8.9
"Enid city, Oklahoma",465.0962491,5337.840748,11.1,14.8
"Erie city, Pennsylvania",449.461993,3243.440935,13.8,18.8
"Escondido city, California",534.2170406,3537.491017,9.3,13.4
"Euclid city, Ohio",270.4218581,4354.793478,7.1,9.7
"Eugene city, Oregon",460.476965,6893.785789,8.7,17.1
"Euless city, Texas",213.5633676,2962.668286,5.7,7
"Eureka city, California",569.4894098,7863.634591,15.8,23.7
"Evansville city, Indiana",499.659141,4484.901953,10.1,13.7
"Everett city, Massachusetts",906.2430074,2503.356456,9.2,11.8
"Everett city, Washington",633.9303683,6329.241296,10.1,12.9
"Fair Lawn borough, New Jersey",143.155012,1484.455233,2.6,3.7
"Fairbanks city, Alaska",621.1929317,4444.846511,7.4,10.5
"Fairborn city, Ohio",231.9095846,4306.472919,8.9,14.1
"Fairfield city, California",573.8348289,3973.355396,7.1,9.3
"Fairfield city, Ohio",342.698871,5048.940215,2.5,4.2
"Fall River city, Massachusetts",588.5764612,3306.983438,14,17.1
"Fargo city, North Dakota",120.9203381,3102.502379,6.6,11.8
"Farmers Branch city, Texas",298.8556017,4876.448721,4,6.3
"Farmington city, New Mexico",904.657573,4014.41798,12.9,16
"Farmington Hills city, Michigan",200.50812,2229.251768,2.4,4.1
"Fayetteville city, Arkansas",329.8055624,4417.097383,11.4,19.9
"Fayetteville city, North Carolina",660.1979705,7511.862238,11.7,14.8
"Federal Way city, Washington",439.7595106,5846.832419,6.9,9.3
"Findlay city, Ohio",0,0,5.9,9.1
"Fishers town, Indiana",122.4621334,2017.402514,1.1,1.8
"Fitchburg city, Massachusetts",1037.429294,4072.692261,12.1,15
"Flagstaff city, Arizona",522.1420879,7381.783768,10.6,17.4
"Flint city, Michigan",1386.48706,6958.981827,22.9,26.4
"Florence city, Alabama",344.931769,4214.713732,14.4,20.4
"Florence city, South Carolina",1949.726072,11685.46568,15.3,19.3
"Florissant city, Missouri",99.56853634,2420.88206,2.7,4
"Flower Mound town, Texas",74.29856291,1302.180076,2.2,2.5
"Folsom city, California",130.6175762,2340.911874,2.6,7.3
"Fond du Lac city, Wisconsin",124.1909675,3697.069571,4.6,7.5
"Fontana city, California",765.758092,2698.46678,12.2,14.7
"Fort Collins city, Colorado",305.1036272,3748.534754,5.5,14
"Fort Dodge city, Iowa",624.4971457,6995.90054,7.7,11.6
"Fort Lauderdale city, Florida",1081.645181,6764.886433,13.8,17.7
"Fort Lee borough, New Jersey",74.32818754,1772.441395,5.7,7.9
"Fort Myers city, Florida",2303.761243,10063.36877,18.1,21.8
"Fort Pierce city, Florida",2032.489226,8497.182057,25.4,30.9
"Fort Smith city, Arkansas",765.2931289,8369.8365,12.1,15.8
"Fort Wayne city, Indiana",407.4291222,5612.087726,9.6,12.5
"Fort Worth city, Texas",730.1784115,6568.352812,12.7,15.9
"Foster City city, California",83.7979824,1495.471686,1.7,2.9
"Fountain Valley city, California",249.4447292,2562.788314,3,4.3
"Frankfort city, Kentucky",0,0,9.5,13.9
"Franklin city, Massachusetts",124.6168873,293.0180863,2.2,2.8
"Franklin city, Tennessee",0,0,5.1,6.7
"Franklin city, Wisconsin",111.4788364,2125.06532,1.4,2.7
"Frederick city, Maryland",1246.842802,3852.784348,4.8,7.4
"Freeport village, New York",0,0,8,10.6
"Fremont city, California",181.5256598,2308.706196,3.6,5.4
"Fremont city, Nebraska",87.09766816,3416.603983,5.1,8.8
"Fresno city, California",930.5084746,7027.845036,20.5,26.2
"Fridley city, Minnesota",0,0,5.3,7.3
"Friendswood city, Texas",218.9327844,1303.793746,2.3,3.3
"Frisco city, Texas",125.7673304,2341.667914,2.2,3.4
"Fullerton city, California",247.7291495,3006.097948,8,11.4
"Gadsden city, Alabama",0,0,18.1,22.9
"Gahanna city, Ohio",148.47565,3005.807048,2.2,3.7
"Gainesville city, Florida",1007.058631,5929.659567,15.3,26.7
"Gainesville city, Georgia",1031.742343,10944.83432,16.1,21.8
"Gaithersburg city, Maryland",0,0,4.9,7.1
"Galveston city, Texas",0,0,17.8,22.3
"Garden City city, Kansas",0,0,9.9,14.3
"Garden City city, Michigan",104.8444294,1970.45854,3.3,4.5
"Garden Grove city, California",462.7180543,2813.274782,10.5,13.9
"Gardena city, California",1168.092175,3559.058458,12.3,15.7
"Garfield city, New Jersey",202.5442399,2203.112785,6.4,7.8
"Garfield Heights city, Ohio",0,0,6,8.5
"Garland city, Texas",234.2584303,4079.37929,6.8,8.9
"Gary city, Indiana",942.1754237,4642.629228,22.2,25.8
"Gastonia city, North Carolina",1378.919821,8792.335593,11.8,15
"Georgetown city, Texas",50.48705156,1695.770967,4.4,7.2
"Germantown city, Tennessee",145.4118728,2584.249598,1.6,2.1
"Gilbert town, Arizona",117.3832132,3476.642649,2.5,3.2
"Gilroy city, California",773.2811029,3489.939715,7.3,10.4
"Gladstone city, Missouri",137.8264765,2890.910344,3.1,4.7
"Glen Cove city, New York",0,0,6.2,9.1
"Glendale city, Arizona",604.6905122,6108.391237,8.8,11.9
"Glendale city, California",380.104712,2190.052356,13.6,15.5
"Glendora city, California",167.1103511,1762.431261,3.9,5.9
"Gloucester city, Massachusetts",111.1765091,1481.263488,7.1,8.8
"Goldsboro city, North Carolina",942.3905164,6664.960982,15.4,19.2
"Goose Creek city, South Carolina",0,0,5.8,6.8
"Goshen city, Indiana",1047.876476,5294.923538,6,9.3
"Grand Forks city, North Dakota",182.4582493,4454.12785,9.3,14.6
"Grand Island city, Nebraska",364.3621342,6586.36775,9.9,12.8
"Grand Junction city, Colorado",348.3597102,6637.290638,7.5,11.9
"Grand Prairie city, Texas",373.1093562,5082.150984,8.7,11.1
"Grand Rapids city, Michigan",1134.059332,5810.310606,11.9,15.7
"Grants Pass city, Oregon",226.1285093,7952.897005,12.2,14.9
"Grapevine city, Texas",100.4497409,3928.954638,3.1,4.8
"Great Falls city, Montana",548.8111985,6672.571597,11.1,14.5
"Greeley city, Colorado",349.8496942,5043.018555,10.1,16.9
"Green Bay city, Wisconsin",310.5002836,3150.781724,7.4,10.5
"Greenacres city, Florida",500.1654959,5277.48152,5,7.2
"Greenfield city, Wisconsin",113.8699106,3496.639449,3.4,4.7
"Greensboro city, North Carolina",901.1368995,6230.323352,8.6,12.3
"Greenville city, Mississippi",911.9108147,11029.22313,25.7,29.6
"Greenville city, North Carolina",863.1137607,9341.937174,15.6,26.1
"Greenville city, South Carolina",1439.008191,7959.673711,12.2,16.1
"Greenwood city, Indiana",500.5592841,4742.729306,4.6,7
"Gresham city, Oregon",429.5092912,5829.531546,8.4,12.5
"Grove City city, Ohio",177.9676099,4032.74604,3.3,4.6
"Gulfport city, Mississippi",398.7660823,8539.613272,14.1,17.7
"Hackensack city, New Jersey",403.5056157,3156.08214,6.8,9.3
"Hagerstown city, Maryland",612.1815668,4296.555421,15.1,18.1
"Haltom City city, Texas",325.4657748,3126.521617,7.6,10
"Hamilton city, Ohio",908.4544877,6676.652068,10.6,13.4
"Hammond city, Indiana",1137.024029,6709.705132,12,14.3
"Hampton city, Virginia",0,0,8.8,11.3
"Hanford city, California",393.293314,4240.840406,14.2,17.3
"Harlingen city, Texas",509.749163,6402.987837,19.3,24.9
"Harrisburg city, Pennsylvania",0,0,23.4,24.6
"Harrisonburg city, Virginia",389.7581792,3957.325747,11.5,30.1
"Hartford city, Connecticut",1118.627017,7304.859646,28.2,30.6
"Hattiesburg city, Mississippi",310.3686864,6511.811802,21.5,28.3
"Haverhill city, Massachusetts",429.1544781,3112.683704,7,9.1
"Hawthorne city, California",1677.812512,3254.05933,18.4,20.3
"Hayward city, California",577.9310963,3653.510147,7.2,10
"Hazelwood city, Missouri",0,0,4.3,6.3
"Helena city, Montana",0,0,9.3,14.5
"Hemet city, California",522.3531688,3940.219582,12.4,16.3
"Hempstead village, New York",725.6626284,2129.840313,14.4,17.7
"Henderson city, Kentucky",0,0,13.2,16.5
"Henderson city, Nevada",253.0171616,2786.997639,3.9,5.6
"Hendersonville city, Tennessee",264.4411558,2438.195978,5.2,6.2
"Hesperia city, California",249.2926512,2584.690678,11.1,14.1
"Hialeah city, Florida",742.4377224,5461.298932,16,18.6
"Hickory city, North Carolina",652.3101464,8274.938757,8.4,11.3
"High Point city, North Carolina",912.7513463,7264.957265,10.5,13.2
"Highland city, California",452.8267711,2968.279485,17.5,21.5
"Hillsboro city, Oregon",0,0,6,9.2
"Hilton Head Island town, South Carolina",0,0,4.7,7.3
"Hinesville city, Georgia",727.6580714,6683.15083,13.8,14.8
"Hobart city, Indiana",0,0,2.9,4.8
"Hobbs city, New Mexico",974.3261503,4466.254178,20.2,24.2
"Hoboken city, New Jersey",408.3997104,3748.008689,10,11
"Holland city, Michigan",333.2645177,4025.717403,6.7,10.6
"Hollister city, California",923.2112781,2220.697399,6.9,9.5
"Hollywood city, Florida",775.3105546,6121.439022,9.9,13.2
"Holyoke city, Massachusetts",1099.873275,5528.058724,22.6,26.4
"Homestead city, Florida",2163.300177,9721.1204,29.1,31.8
"Homewood city, Alabama",462.3044097,7570.234708,4.4,7.6
"Honolulu CDP, Hawaii",260.5189329,5019.912383,7.9,11.8
"Hoover city, Alabama",177.6255781,3050.039206,2.1,3.4
"Hopkinsville city, Kentucky",0,0,13.6,16.8
"Hot Springs city, Arkansas",888.4404302,9123.126523,13.7,19.2
"Houma city, Louisiana",1307.759372,5654.931906,16.4,20.8
"Houston city, Texas",1119.118911,5739.578723,16,19.2
"Huber Heights city, Ohio",202.4574141,4000.279252,4.2,5.9
"Huntersville town, North Carolina",323.5132159,4584.251101,1.9,3.1
"Huntington Beach city, California",185.2995676,2033.393139,4.3,6.6
"Huntington city, West Virginia",642.2754903,6575.677639,17.5,24.7
"Huntington Park city, California",1018.36034,3972.268754,23.3,25.2
"Huntsville city, Alabama",687.1523501,6073.344123,9.8,12.8
"Huntsville city, Texas",460.4850043,3722.752145,13.1,23.9
"Hurst city, Texas",345.8867866,5265.739139,4.5,6.6
"Hutchinson city, Kansas",0,0,9.8,12.7
"Idaho Falls city, Idaho",262.5925042,4306.914936,7.8,10.9
"Imperial Beach city, California",528.562716,2439.520228,14.1,18.8
"Independence city, Missouri",513.8353066,6123.619795,6.4,8.6
"Indianapolis city (balance), Indiana",890.8717863,3976.701678,9.1,11.9
"Indio city, California",730.2324608,3944.092231,16.8,21.5
"Inglewood city, California",1185.215811,2835.55992,19.4,22.5
"Inkster city, Michigan",1289.140359,3902.784029,15.2,19.5
"Inver Grove Heights city, Minnesota",198.8773055,3040.898156,3,4.2
"Iowa City city, Iowa",513.4849794,2746.584765,6.7,21.7
"Irvine city, California",151.5016487,2047.671605,5,9.1
"Irving city, Texas",419.8035919,4412.756889,8,10.6
"Ithaca city, New York",0,0,13.5,40.2
"Jackson city, Michigan",997.3149214,7679.87287,15.2,19.6
"Jackson city, Mississippi",0,0,19.6,23.5
"Jackson city, Tennessee",1539.339671,6838.734995,14,17.1
"Jacksonville city, Arkansas",578.9578758,4601.71691,11.9,14.2
"Jacksonville city, Florida",1114.957771,5824.24809,9.4,12.2
"Jacksonville city, North Carolina",353.5528596,3814.211438,12.5,14.1
"Jamestown city, New York",371.9131211,3484.082118,15.8,19.5
"Janesville city, Wisconsin",268.0573155,4906.261169,4.3,6.5
"Jefferson City city, Missouri",607.2818616,3991.498054,7.3,11.5
"Jeffersontown city, Kentucky",0,0,3.7,4.3
"Jeffersonville city, Indiana",516.5625113,5050.030705,6.9,10.1
"Jersey City city, New Jersey",1199.370079,4023.51706,16.4,18.6
"Johnson City city, Tennessee",588.1394591,5550.66797,11.4,15.9
"Jonesboro city, Arkansas",348.6345148,5320.30796,12.9,17.4
"Joplin city, Missouri",445.0716457,8766.825879,10.5,14.8
"Juneau city and borough, Alaska",0,0,3.7,6
"Jupiter town, Florida",482.2826118,3936.23473,3,4.8
"Kalamazoo city, Michigan",1066.467278,6780.528118,13.6,24.3
"Kannapolis city, North Carolina",277.1201033,2192.746449,7.7,10.5
"Kansas City city, Kansas",0,0,13,17.1
"Kansas City city, Missouri",1603.18449,8917.64396,11.1,14.3
"Kearney city, Nebraska",260.7025247,4771.542261,7.4,13.4
"Kearny town, New Jersey",229.5290506,3440.170349,6.1,8.6
"Keizer city, Oregon",97.50390016,4176.417057,6.2,9.3
"Keller city, Texas",290.8089079,1672.151221,1,1.4
"Kenner city, Louisiana",548.158679,4759.821746,11,13.6
"Kennewick city, Washington",369.65018,5421.535974,9.7,12.9
"Kenosha city, Wisconsin",564.6997023,2884.783751,7,9.5
"Kent city, Ohio",242.2983731,3242.182993,15.4,25.2
"Kent city, Washington",434.9877614,7602.701348,8.7,11.6
"Kentwood city, Michigan",289.2313388,3486.973021,5,6.3
"Kettering city, Ohio",119.6981525,3533.697632,3.2,4.6
"Key West city, Florida",970.1692067,8471.792521,5.8,10.2
"Killeen city, Texas",678.9868336,5464.958375,11.2,12.9
"Kingsport city, Tennessee",732.4108712,4831.658178,14.2,17.1
"Kingsville city, Texas",445.3911696,4329.976762,22.6,28.3
"Kirkland city, Washington",128.4054187,3062.469236,3.9,5.3
"Kirkwood city, Missouri",104.5572541,2199.307759,2.8,4.6
"Kissimmee city, Florida",1166.097159,7531.840665,12.3,15.4
"Knoxville city, Tennessee",1019.176391,4898.550884,14.4,20.8
"Kokomo city, Indiana",512.266292,5401.491408,9.6,13
"La Crosse city, Wisconsin",194.1555225,3902.922239,7.8,17.2
"La Habra city, California",244.0066968,2383.072703,9.1,12.9
"La Mesa city, California",379.8504992,3254.865746,5.2,9.4
"La Mirada city, California",338.489224,1861.690732,3.7,5.6
"La Porte city, Texas",218.4535786,1759.126186,6.2,7.5
"La Puente city, California",770.6357745,2049.190582,16.3,18.9
"La Verne city, California",279.9952341,1927.201239,2.5,4.7
"Lacey city, Washington",275.6892231,4270.050125,7.4,9.2
"Lafayette city, Indiana",326.4266237,5567.166259,8,12.1
"Lafayette city, Louisiana",716.9419411,6200.375222,11.6,16.3
"LaGrange city, Georgia",464.7619048,7055.238095,18.2,21.4
"Laguna Hills city, California",178.3264746,2090.534979,3.6,5
"Laguna Niguel city, California",134.4616157,1453.978271,2.8,4.1
"Lake Charles city, Louisiana",852.6154555,5217.355943,16.3,19.6
"Lake Elsinore city, California",926.4268326,3671.896132,14.7,17
"Lake Forest city, California",219.9549938,1803.630949,3.2,5.3
"Lake Havasu City city, Arizona",148.7434508,2903.827369,6.6,9.5
"Lake Jackson city, Texas",91.5589675,3162.305877,5.4,6.4
"Lake Oswego city, Oregon",77.64621059,2090.901528,2.3,3.4
"Lake Worth city, Florida",1292.570163,8549.846975,15.8,20
"Lakeland city, Florida",562.1863642,6986.454704,10.7,15
"Lakeville city, Minnesota",49.44201158,2196.637943,1.5,2
"Lakewood city, California",464.6556977,3091.356896,5.6,7.4
"Lakewood city, Colorado",296.0663517,4803.38596,4.8,7.1
"Lakewood city, Ohio",287.0883391,2583.795052,6.1,8.9
"Lakewood city, Washington",912.2983127,6479.089473,12.5,15.8
"Lancaster city, California",928.3306625,2484.231798,13.8,16.4
"Lancaster city, Ohio",0,0,8.7,10.6
"Lancaster city, Pennsylvania",1128.341949,5988.179275,17.9,21.2
"Lancaster city, Texas",769.62144,5227.17506,6.1,8.1
"Lansing city, Michigan",947.2890747,4401.513797,13.2,16.9
"Laramie city, Wyoming",292.5002925,2913.302913,11.1,22.6
"Laredo city, Texas",510.1291067,6514.117771,25.2,29.6
"Largo city, Florida",464.037123,3505.743874,6,9.1
"Las Cruces city, New Mexico",580.5441971,7957.241658,17.2,23.3
"Lauderdale Lakes city, Florida",855.513308,3648.223417,19.9,22.5
"Lauderhill city, Florida",718.2228161,3381.400442,15.5,17.8
"Lawndale city, California",1045.643154,2267.219917,14.3,17.3
"Lawrence city, Indiana",263.1578947,2393.617021,4.8,6.7
"Lawrence city, Kansas",0,0,7.3,18.9
"Lawrence city, Massachusetts",904.4035674,4781.215162,21.2,24.3
"Lawton city, Oklahoma",659.9213452,5537.494978,14.2,16.3
"Layton city, Utah",177.3379047,3703.82881,5,5.6
"League City city, Texas",104.7500962,2176.236692,3.6,4.8
"Leavenworth city, Kansas",0,0,6.8,9.1
"Leawood city, Kansas",0,0,0.5,1.3
"Lee's Summit city, Missouri",73.69510069,2641.685917,2.8,3.8
"Leesburg town, Virginia",267.9023966,2016.50858,2.4,3.6
"Lenexa city, Kansas",0,0,1.8,3.4
"Leominster city, Massachusetts",207.253886,3294.372816,7.2,9.5
"Lewiston city, Idaho",173.8855517,3932.975024,8.4,12
"Lewiston city, Maine",152.0706042,4515.953836,10,15.5
"Lewisville city, Texas",208.7682672,3911.919674,3.9,6
"Liberty city, Missouri",158.3268898,2827.791892,3.8,5
"Lima city, Ohio",837.2093023,6846.511628,19.2,22.7
"Lincoln city, Nebraska",541.5007823,5843.338999,5.8,10.1
"Lincoln Park city, Michigan",483.2405543,4434.442734,6.1,7.7
"Linden city, New Jersey",391.9314381,4063.022575,5,6.4
"Lindenhurst village, New York",0,0,4.9,6.4
"Little Rock city, Arkansas",1022.43173,8487.212831,11.1,14.3
"Littleton city, Colorado",0,0,3.9,6
"Livermore city, California",171.0509265,2081.119606,3.8,5.3
"Livonia city, Michigan",188.2716661,2826.056799,2,3.2
"Lodi city, California",770.8948561,4098.276217,12.3,16.7
"Logan city, Utah",0,0,12.6,22.7
"Lompoc city, California",338.8625592,2917.061611,12.6,15.4
"Long Beach city, California",723.4070312,3250.6079,19.3,22.8
"Long Beach city, New York",226.0044643,1425.78125,6.3,9.4
"Long Branch city, New Jersey",492.10648,3121.07801,13.9,16.7
"Longmont city, Colorado",0,0,5.9,7.8
"Longview city, Texas",603.222276,5946.957164,13,16
"Longview city, Washington",461.8542593,7794.503364,12.3,16.7
"Lorain city, Ohio",410.5658156,3253.623722,14.2,17.1
"Los Altos city, California",81.12016365,1079.250873,1.1,2.4
"Los Angeles city, California",1353.023965,3508.985958,18.3,22.1
"Los Banos city, California",384.4762077,2492.310476,9.8,12.1
"Los Gatos town, California",185.3349508,2122.927618,3.1,4.3
"Loveland city, Colorado",206.5914362,3196.320334,4,5.7
"Lowell city, Massachusetts",708.9674279,3137.926391,13.6,16.8
"Lubbock city, Texas",1268.858331,6063.503627,12,18.4
"Lufkin city, Texas",600.0401941,5796.560535,15,18.8
"Lynchburg city, Virginia",443.5128649,3736.443999,12.3,15.9
"Lynn city, Massachusetts",0,4510.736417,13.2,16.5
"Lynnwood city, Washington",367.3094582,7851.239669,6.2,9.5
"Lynwood city, California",1412.697441,2692.237052,21,23.5
"Macon city, Georgia",705.9455557,8848.242691,21.6,25.5
"Madera city, California",1588.880454,4808.522891,25.6,32.5
"Madison city, Alabama",213.8068491,2942.562058,4.4,5.8
"Madison city, Wisconsin",319.6773489,3393.783948,5.8,15
"Madison Heights city, Michigan",248.333962,4262.542437,7,8.9
"Malden city, Massachusetts",0,0,6.6,9.2
"Manassas city, Virginia",391.3043478,3727.536232,3.7,6.3
"Manchester city, New Hampshire",228.7399454,3490.647183,7.7,10.6
"Manhattan Beach city, California",196.3754699,3184.087976,2,3.2
"Manhattan city, Kansas",0,0,8.7,24.2
"Manitowoc city, Wisconsin",96.45456405,3340.835355,5,7.9
"Mankato city, Minnesota",235.6662222,5587.770163,8.5,19
"Mansfield city, Ohio",376.6951281,6367.113549,13.2,16.3
"Mansfield city, Texas",216.6260493,2738.772194,2.7,4
"Manteca city, California",402.1051387,3439.575819,7.2,9.7
"Maple Grove city, Minnesota",127.1178025,2357.637992,0.8,1.4
"Maple Heights city, Ohio",0,0,4.7,5.9
"Maplewood city, Minnesota",0,0,3,4.8
"Margate city, Florida",357.2802726,2863.738801,5.5,8.4
"Marietta city, Georgia",600.0186341,5482.157831,11.5,15.7
"Marion city, Indiana",0,0,12.6,16.9
"Marion city, Iowa",0,0,3.9,5.2
"Marion city, Ohio",0,0,10.9,13.8
"Marlborough city, Massachusetts",177.5888672,1770.066086,4.7,6.8
"Marshalltown city, Iowa",861.8082855,4097.369217,8.8,12.5
"Martinez city, California",131.4307172,2633.978864,3.2,5.2
"Maryland Heights city, Missouri",222.112537,5231.984205,3.8,5.3
"Marysville city, Washington",221.2189616,4704.288939,3.7,5.6
"Mason City city, Iowa",177.7230937,6944.871663,7.2,10
"Massillon city, Ohio",0,0,8.3,10.7
"Maywood city, California",422.9916425,1712.433908,23.1,24.5
"McAllen city, Texas",339.0391856,7278.447915,20.9,23.8
"McKinney city, Texas",0,0,4.9,8.5
"McMinnville city, Oregon",115.0063452,4770.780457,8.2,12.9
"Medford city, Massachusetts",222.3233667,2231.986556,4.1,6.4
"Medford city, Oregon",336.357315,6123.967076,10.3,13.9
"Medina city, Ohio",0,0,5.1,5.7
"Melbourne city, Florida",0,0,8.6,11.5
"Melrose city, Massachusetts",39.274493,1299.628678,1.6,3.3
"Memphis city, Tennessee",1528.183942,7943.217074,17.2,20.6
"Menlo Park city, California",200.8544284,2314.608174,4.2,6.9
"Menomonee Falls village, Wisconsin",45.9939288,1551.528532,1.1,2.2
"Mentor city, Ohio",141.9555334,2791.152717,1.8,2.7
"Merced city, California",675.5228029,5934.257733,22.4,27.9
"Meriden city, Connecticut",160.7194761,3539.248038,8.5,11
"Meridian city, Idaho",97.81659389,4401.746725,4.6,5.6
"Meridian city, Mississippi",462.2750537,4476.520673,24.6,28.6
"Merrillville town, Indiana",221.7779721,3232.96058,2.6,4.3
"Mesa city, Arizona",604.2883514,5841.369889,6.2,8.9
"Mesquite city, Texas",353.3013404,4659.937117,5,6.8
"Methuen city, Massachusetts",179.0756939,2463.438712,5.8,7.4
"Miami Beach city, Florida",1278.310273,10696.06555,17,21.8
"Miami city, Florida",2016.950889,8162.800225,23.5,28.5
"Michigan City city, Indiana",462.548493,7564.905998,10.4,13.3
"Middletown city, Connecticut",105.1317432,3147.381563,4.3,7.5
"Middletown city, New York",335.7295205,2729.283514,13.5,17.5
"Middletown city, Ohio",224.8201439,5841.576739,9.2,12.6
"Midland city, Michigan",185.013876,2242.07605,5.5,8.8
"Midland city, Texas",386.2929568,2841.942613,10.1,12.9
"Midvale city, Utah",306.3178047,5207.40268,9.4,13.1
"Midwest City city, Oklahoma",296.4107355,3758.12884,11.2,13.9
"Milford city (balance), Connecticut",96.34282631,3591.660565,2.4,3.8
"Millville city, New Jersey",695.4052283,4474.62317,12.1,15.2
"Milpitas city, California",395.2128253,2866.886583,3.3,5
"Milwaukee city, Wisconsin",976.6349786,6563.513765,17.4,21.3
"Minneapolis city, Minnesota",1209.727262,6341.179347,11.9,16.9
"Minnetonka city, Minnesota",71.19437939,2688.52459,1.5,2.6
"Minot city, North Dakota",110.6408873,3216.883799,8.8,12.8
"Miramar city, Florida",547.9789428,3823.538466,7,8.2
"Mishawaka city, Indiana",566.121748,8513.029281,7.3,9.9
"Mission city, Texas",120.3027254,6098.254517,22.6,26.8
"Mission Viejo city, California",133.7352043,1296.433063,2.3,3.8
"Missoula city, Montana",0,0,11.7,19.7
"Missouri City city, Texas",139.1022111,1701.104124,2.4,3.3
"Mobile city, Alabama",613.1826063,6606.468749,17.9,21.2
"Modesto city, California",502.653616,5040.051149,12.2,15.7
"Monroe city, Louisiana",1781.49052,10810.96302,26.3,32.3
"Monroe city, North Carolina",1012.722863,8986.851623,11.7,17.2
"Monrovia city, California",377.2025009,2655.918979,9.7,13.1
"Montclair city, California",673.1750893,5321.592649,14.2,17.4
"Montebello city, California",534.2874563,3001.95745,14.2,17
"Monterey city, California",599.981539,3458.355128,4.4,7.8
"Monterey Park city, California",280.8727228,1795.412929,12.4,15.6
"Montgomery city, Alabama",784.839492,7380.403617,13.9,17.7
"Moore city, Oklahoma",252.7632594,3320.195356,6.3,7.6
"Moorhead city, Minnesota",197.6629266,2424.277658,8.2,16.3
"Moorpark city, California",170.2373687,886.5191276,4.3,7
"Moreno Valley city, California",743.9586222,3397.761552,11.6,14.2
"Morgan Hill city, California",174.8358996,3073.431078,3.3,4.7
"Morgantown city, West Virginia",0,0,15,38.4
"Morristown city, Tennessee",823.2325322,6540.354941,14.6,19.2
"Mount Pleasant city, Michigan",197.3380359,2829.911408,11.4,37.2
"Mount Pleasant town, South Carolina",0,0,3.2,5
"Mount Vernon city, New York",538.9521967,2776.463843,11.8,14.2
"Mount Vernon city, Washington",179.8414126,8824.491131,10.8,15.9
"Mountain View city, California",494.2700275,2675.356326,3.6,6.8
"Muncie city, Indiana",0,0,14.3,23.1
"Municipality of Monroeville borough, Pennsylvania",363.5850189,3127.537153,4.9,6.6
"Murfreesboro city, Tennessee",680.6150744,5369.296698,8.2,14.1
"Murray city, Utah",385.0336537,8870.469976,5.5,6.3
"Murrieta city, California",212.8250208,2307.146603,3,4.3
"Muskegon city, Michigan",959.7219074,7909.519131,16.8,20.5
"Muskogee city, Oklahoma",779.9047908,5978.42601,14.6,19.2
"Nacogdoches city, Texas",695.8963957,4075.518802,20.9,32.3
"Nampa city, Idaho",423.639948,5404.555178,8.7,12.4
"Napa city, California",298.7142301,2215.103107,6.1,8.9
"Nashua city, New Hampshire",0,0,5,6.8
"National City city, California",764.6559048,3957.802322,19.8,22
"Naugatuck borough, Connecticut",163.0174205,2010.548186,4.9,6.4
"New Albany city, Indiana",575.1729159,6516.19949,11.4,13.7
"New Bedford city, Massachusetts",809.6542807,2439.22462,17.3,20.2
"New Berlin city, Wisconsin",81.6597341,1268.277745,1.3,2
"New Braunfels city, Texas",487.1434311,6282.643632,9,10.9
"New Britain city, Connecticut",501.0668319,4967.995044,13.3,16.4
"New Brunswick city, New Jersey",770.4662368,6205.628361,16.9,27
"New Castle city, Pennsylvania",676.5183869,3329.679882,17.1,20.8
"New Haven city, Connecticut",1337.602726,6333.107245,20.5,24.4
"New Iberia city, Louisiana",229.0345314,2589.852008,24.9,29.5
"New London city, Connecticut",792.4696778,3828.409852,13.4,15.8
"New Orleans city, Louisiana",1131.31296,6085.529807,23.7,27.9
"New Rochelle city, New York",300.9653606,2340.999432,7.9,10.5
"New York city, New York",977.7950357,2744.758253,18.5,21.2
"Newark city, California",291.6432978,3634.324173,4.2,5.5
"Newark city, Delaware",0,4187.041565,4.1,20.1
"Newark city, New Jersey",1505.302771,5728.022837,25.5,28.4
"Newark city, Ohio",220.7413578,4356.518117,10.1,13
"Newburgh city, New York",1605.925057,4737.112268,23,25.8
"Newport Beach city, California",137.4843017,2967.810166,2.1,4.4
"Newport city, Rhode Island",592.8699587,5581.558624,12.9,14.4
"Newport News city, Virginia",726.2990726,4670.536648,11.3,13.8
"Newton city, Massachusetts",75.24271845,1247.572816,2.6,4.3
"Niagara Falls city, New York",833.2618946,4629.232748,15.6,19.5
"Noblesville city, Indiana",44.42318207,2091.306725,4.3,5.4
"Norfolk city, Virginia",714.8629595,6125.554524,15.5,19.4
"Norman city, Oklahoma",215.929167,3502.391751,7.8,15
"Norristown borough, Pennsylvania",1194.248924,5147.279581,13.5,17.2
"North Charleston city, South Carolina",0,0,19.9,23.2
"North Las Vegas city, Nevada",1064.189189,5038.229018,11.8,14.8
"North Lauderdale city, Florida",634.6129799,3201.20045,11.5,13.7
"North Little Rock city, Arkansas",708.4355115,8355.371768,12.4,16.1
"North Miami Beach city, Florida",872.0537811,6015.28119,18.4,20.5
"North Miami city, Florida",1644.859813,8813.084112,20.7,23.9
"North Olmsted city, Ohio",0,0,2.8,4.1
"North Richland Hills city, Texas",321.8406546,3863.799774,3.1,4.7
"North Royalton city, Ohio",0,0,1.2,2.3
"North Tonawanda city, New York",121.1834599,1888.688559,5.4,7.2
"Northampton city, Massachusetts",160.8927838,1934.136656,5.7,9.8
"Northglenn city, Colorado",310.8589364,4702.11867,3.8,5.4
"Norwalk city, California",647.8901274,2427.348726,9.5,11.9
"Norwalk city, Connecticut",0,0,5,7.2
"Norwich city, Connecticut",412.0119456,2975.334587,8.3,11.5
"Novato city, California",309.6779349,2369.535683,3.1,5.6
"Novi city, Michigan",152.778384,2902.789297,1.6,2.2
"Oak Creek city, Wisconsin",69.42756969,2700.732461,1.2,3.1
"Oak Park city, Michigan",0,0,7.8,9.4
"Oak Ridge city, Tennessee",417.3712805,5285.503544,8,10.9
"Oakdale city, Minnesota",181.5915969,3482.285918,2.9,3.6
"Oakland city, California",1349.892153,5364.736144,16.2,19.4
"Oakland Park city, Florida",1051.750126,6799.531067,13.3,16.5
"Oakley city, California",0,0,2.8,5
"Ocala city, Florida",1428.317781,8917.122058,13.2,18.1
"Oceanside city, California",531.9780708,3126.855828,8.2,11.6
"Odessa city, Texas",538.2652787,4653.841599,16,18.6
"O'Fallon city, Missouri",121.2841266,4054.35509,2.6,3.3
"Ogden city, Utah",619.4158196,7107.202282,12.6,16.5
"Oklahoma City city, Oklahoma",808.916715,8986.735076,12.4,16
"Olathe city, Kansas",0,0,2.4,4.1
"Olympia city, Washington",362.2212976,6681.514477,6.9,12.1
"Omaha city, Nebraska",796.489806,5954.793414,7.8,11.3
"Ontario city, California",741.1259058,4296.029118,12.2,15.5
"Orange city, California",260.0415755,2347.381288,6.8,10
"Oregon City city, Oregon",202.4452207,4739.599873,6.5,8.9
"Orem city, Utah",62.0761007,3932.635935,5.8,8.4
"Orlando city, Florida",2058.7094,9671.109899,13.3,15.9
"Ormond Beach city, Florida",313.1943143,3182.803758,4.2,6.1
"Oro Valley town, Arizona",61.13964294,1866.797098,2.4,3.1
"Oshkosh city, Wisconsin",230.3923159,3061.621832,5.2,10.2
"Overland Park city, Kansas",0,0,2.1,3.2
"Oviedo city, Florida",337.0207367,2406.724555,3.3,4.6
"Owensboro city, Kentucky",208.6584171,4880.792539,12.2,15.9
"Oxnard city, California",540.6758448,3001.877347,11.4,15.1
"Pacifica city, California",261.868153,1419.85393,1.2,2.9
"Paducah city, Kentucky",646.2895377,6816.453771,18,22.4
"Palm Bay city, Florida",839.1137612,3928.687352,7.1,9.5
"Palm Beach Gardens city, Florida",251.6233766,5227.272727,3.5,5.6
"Palm Coast city, Florida",0,0,5.6,7.5
"Palm Desert city, California",434.8851222,4377.668911,5.9,9.2
"Palm Springs city, California",1013.453709,6151.531244,11.2,15.1
"Palmdale city, California",862.7133699,2999.709791,12.9,15.8
"Palo Alto city, California",154.6571766,3013.320473,3.2,4.8
"Panama City city, Florida",728.0574857,5041.857377,12.1,17.2
"Paradise town, California",413.2074756,3305.659805,9.7,12.4
"Paramount city, California",928.9328601,3964.95733,19.1,21.9
"Paramus borough, New Jersey",508.6393896,8740.369512,1.4,3.3
"Paris city, Texas",0,8855.560852,16.5,20.6
"Parkersburg city, West Virginia",0,0,16.1,19.8
"Parma city, Ohio",0,0,3.3,4.9
"Pasadena city, California",527.8643129,3537.123572,11.6,15.9
"Pasadena city, Texas",390.5182458,4170.56226,13.2,16
"Pascagoula city, Mississippi",580.1537585,7819.618451,18.1,20.7
"Pasco city, Washington",425.3972718,5234.847419,19.5,23.3
"Passaic city, New Jersey",1319.453234,3591.317555,18.4,21.2
"Paterson city, New Jersey",783.9103061,3411.051573,19.2,22.2
"Pawtucket city, Rhode Island",523.8234924,3587.143276,14.9,16.8
"Peabody city, Massachusetts",292.5016799,2197.715325,3.7,5.3
"Peachtree City city, Georgia",32.37770059,794.7253782,1.7,2.3
"Pearland city, Texas",176.0950913,2955.095752,3.4,4.7
"Pembroke Pines city, Florida",313.4014189,2690.418648,3.9,5.4
"Pensacola city, Florida",0,0,12.7,16.1
"Peoria city, Arizona",262.083016,4633.429925,3.3,5.3
"Perris city, California",1127.808705,4502.581557,18.1,20.4
"Perth Amboy city, New Jersey",489.9267399,3186.813187,14.3,17.6
"Petaluma city, California",153.8290459,2489.065164,3.3,6
"Petersburg city, Virginia",1052.86928,6734.976148,16.7,19.6
"Pharr city, Texas",557.7572288,6311.463379,30.8,35.5
"Phenix City city, Alabama",499.3401576,3613.082712,18.8,21.3
"Philadelphia city, Pennsylvania",1571.593915,5179.949295,18.4,22.9
"Phoenix city, Arizona",749.8543189,6745.460053,11.5,15.8
"Pico Rivera city, California",644.4324221,1842.59937,11.6,12.6
"Pine Bluff city, Arkansas",2122.451962,9386.644261,20.6,25.5
"Pinellas Park city, Florida",534.6454513,5367.755128,6.5,9.3
"Pittsburg city, California",465.2092533,3676.243435,8.7,11.5
"Pittsburgh city, Pennsylvania",928.734482,4602.1679,15,20.4
"Pittsfield city, Massachusetts",298.4625956,2593.833205,8.9,11.4
"Placentia city, California",267.0363047,1618.525389,5.7,8.7
"Plainfield city, New Jersey",1415.025223,4391.601951,12.2,15.9
"Plano city, Texas",257.1309469,2991.056135,3,4.3
"Plant City city, Florida",1315.653522,8479.421388,11.3,14.7
"Plantation city, Florida",282.0338671,4692.122621,4.3,6.4
"Pleasant Hill city, California",406.5512835,3792.542688,2.7,5
"Pleasanton city, California",122.1684158,2098.941698,1.6,2.6
"Plum borough, Pennsylvania",0,0,4,5.3
"Plymouth city, Minnesota",142.1297598,2295.942273,1.5,2.6
"Pocatello city, Idaho",225.4274875,3155.984825,10.7,15.4
"Pomona city, California",977.6317848,3190.279141,17.1,21.6
"Pompano Beach city, Florida",1087.400765,5323.062061,13.1,17
"Ponca City city, Oklahoma",451.9985058,4744.116548,12.7,16
"Pontiac city, Michigan",1834.995995,4913.711498,18,22.1
"Port Arthur city, Texas",732.3206579,4149.250688,22.9,25.2
"Port Chester village, New York",0,0,10.1,13
"Port Huron city, Michigan",435.8234608,3814.989872,13.4,16.9
"Port Orange city, Florida",68.64702946,2076.052588,5,7.6
"Port St. Lucie city, Florida",250.6844726,2547.277705,5.7,7.9
"Portage city, Indiana",122.6205769,3696.134532,5.8,7.5
"Portage city, Michigan",212.069938,4620.417372,3.1,4.8
"Porterville city, California",467.5157182,4264.065775,20.3,25.7
"Portland city, Maine",333.3015903,4220.232994,9.7,14.1
"Portland city, Oregon",1096.56846,6782.828254,8.5,13.1
"Portsmouth city, Virginia",0,0,13.3,16.2
"Poughkeepsie city, New York",660.0546014,3991.429658,18.4,22.7
"Poway city, California",197.3697067,1451.937545,3.1,4.3
"Prattville city, Alabama",574.1487699,4927.504633,6.4,8.3
"Prescott city, Arizona",0,0,7.4,13.1
"Prichard city, Alabama",1550.315919,9042.995839,31.8,35.5
"Providence city, Rhode Island",737.774695,7358.82965,23.9,29.1
"Provo city, Utah",110.2877822,3264.690677,12.5,26.8
"Pueblo city, Colorado",891.6896702,3824.640418,13.9,17.8
"Puyallup city, Washington",278.6981699,9856.625275,4.7,6.7
"Quincy city, Massachusetts",266.4550145,2341.402574,5.2,7.3
"Racine city, Wisconsin",648.5413869,6140.573766,10.8,13.9
"Rahway city, New Jersey",264.9057473,3121.280762,5.4,7.1
"Raleigh city, North Carolina",745.6033419,6322.527119,7.1,11.5
"Rancho Cucamonga city, California",203.2648929,2572.052264,4.9,7.1
"Rancho Palos Verdes city, California",169.2811195,932.1746981,2,2.9
"Rancho Santa Margarita city, California",0,0,1.5,2.9
"Rapid City city, South Dakota",365.0365037,4347.101377,9.4,12.7
"Raytown city, Missouri",277.1955919,3437.901427,3.1,5
"Reading city, Pennsylvania",1187.387483,6613.364397,22.3,26.1
"Redding city, California",466.3148853,3264.204197,11.3,15.6
"Redlands city, California",492.6672777,2787.007333,7.7,10.5
"Redmond city, Washington",207.5232645,3460.177378,3.3,5.3
"Redondo Beach city, California",311.0654748,2816.199565,4,5.9
"Redwood City city, California",259.2309919,2494.933811,3.9,6
"Reno city, Nevada",486.8004281,4927.224423,8.3,12.6
"Renton city, Washington",478.6556555,7321.582645,7,9.7
"Revere city, Massachusetts",0,3005.38173,11.9,14.6
"Reynoldsburg city, Ohio",219.3700478,4276.078842,4.4,5.5
"Rialto city, California",749.0636704,3220.744711,13.8,17.4
"Richardson city, Texas",307.5469833,3949.781971,3.3,6.3
"Richfield city, Minnesota",302.4629123,3577.704162,3.9,6.3
"Richland city, Washington",163.8406325,3216.997815,5.7,8.2
"Richmond city, California",1247.881202,0,13.4,16.2
"Richmond city, Indiana",487.6429739,6061.070261,12.1,15.7
"Richmond city, Kentucky",0,0,16.6,25
"Richmond city, Virginia",1199.744082,7353.039028,17.1,21.4
"Rio Rancho city, New Mexico",369.6211843,2517.469658,3.7,5.1
"Riverside city, California",738.7357528,3764.385277,11.7,15.8
"Riverton city, Utah",0,0,2.4,2.6
"Riviera Beach city, Florida",1852.38323,13483.18189,19,23
"Roanoke city, Virginia",0,0,12.9,15.9
"Rochester city, Minnesota",311.2868526,2818.40799,4.7,7.8
"Rochester city, New Hampshire",278.7720264,2904.735683,6.3,8.4
"Rochester city, New York",729.6724522,6982.858063,23.4,25.9
"Rochester Hills city, Michigan",0,0,2.3,3.4
"Rock Hill city, South Carolina",0,0,9.7,14
"Rocklin city, California",94.40709484,1942.497497,3.1,4.5
"Rockville city, Maryland",0,0,5.6,7.8
"Rocky Mount city, North Carolina",985.1088202,8415.971199,15.8,20.1
"Rogers city, Arkansas",192.6735281,3343.73933,9.4,12.8
"Rohnert Park city, California",176.2618203,3232.260677,3.2,8
"Rome city, Georgia",1842.902061,8440.083848,15.3,20.3
"Rome city, New York",113.5347972,1637.799841,12,15
"Rosemead city, California",679.9381874,2236.160349,19.4,22.8
"Roseville city, California",297.1919174,3617.105046,3.4,4.9
"Roseville city, Michigan",327.8880497,4336.7098,6.1,7.9
"Roseville city, Minnesota",163.7123179,4694.027323,2.6,4.2
"Roswell city, Georgia",0,0,2.8,5
"Roswell city, New Mexico",1003.75404,6056.651878,18.7,22.6
"Round Rock city, Texas",165.9988552,1964.796795,2.8,4
"Rowlett city, Texas",138.6100755,2241.659497,2.2,3
"Roy city, Utah",259.1985699,2541.337703,4.2,5.5
"Royal Oak city, Michigan",215.0135552,2679.879094,2,4.3
"Sacramento city, California",749.6067991,5824.904165,15.3,20
"Saginaw city, Michigan",1888.86239,5114.873996,24.7,28.5
"Salem city, Massachusetts",246.0617437,3018.695619,6.3,9.7
"Salem city, Oregon",251.9343625,7211.153889,10.5,15
"Salina city, Kansas",0,0,6.7,9.6
"Salinas city, California",999.0816682,4112.701479,12.8,16.7
"Salisbury city, North Carolina",691.4778075,6929.259286,12.2,16
"Salt Lake City city, Utah",724.9728344,8653.980106,10.4,15.3
"Sammamish city, Washington",45.46487838,1659.468061,1.6,2
"San Angelo city, Texas",372.5490196,4851.851852,11.6,15.7
"San Antonio city, Texas",662.6223354,6571.256201,14,17.3
"San Bernardino city, California",1089.788413,5058.400021,23.5,27.6
"San Bruno city, California",196.5685442,2191.375252,3.1,4.4
"San Buenaventura (Ventura) city, California",0,0,6.4,9
"San Carlos city, California",151.0627086,1721.412261,1.4,2.7
"San Clemente city, California",209.9932061,1488.481255,4.6,7.6
"San Diego city, California",565.5018592,3095.964718,10.6,14.6
"San Dimas city, California",376.0131465,1690.666518,3.6,6.3
"San Francisco city, California",851.6063768,4674.728034,7.8,11.3
"San Gabriel city, California",466.2970831,1961.038288,12.5,15.9
"San Jose city, California",554.5602679,2012.081492,6,8.8
"San Juan Capistrano city, California",166.4149897,1580.942402,6.6,10.7
"San Juan city, Texas",0,0,32.7,34.4
"San Leandro city, California",651.6356054,4493.679135,4.5,6.4
"San Luis Obispo city, California",305.7196961,4444.343045,7.1,26.6
"San Marcos city, California",389.4876158,2344.488561,7.8,12
"San Marcos city, Texas",429.2049038,3319.816936,13.8,28.5
"San Mateo city, California",365.6287642,2292.908081,3.6,6.1
"San Pablo city, California",1691.224505,6441.895913,15.5,18.1
"San Rafael city, California",483.0825266,3034.601744,5.6,10.2
"San Ramon city, California",185.3706347,1941.064922,1.4,2
"Sandusky city, Ohio",709.9499485,6641.581768,12.2,15.3
"Sandy city, Utah",117.9830516,2762.301606,2.8,3.8
"Sanford city, Florida",1481.556908,8924.980271,13.2,17.8
"Santa Ana city, California",578.6692821,2728.193122,16.1,19.8
"Santa Barbara city, California",517.1182001,2874.768941,7.7,13.4
"Santa Clara city, California",285.5997105,2766.991716,4.5,7.8
"Santa Clarita city, California",244.8436655,1714.636535,4.7,6.4
"Santa Cruz city, California",994.8065248,4425.426084,6.6,16.5
"Santa Fe city, New Mexico",557.5951638,6226.019267,9.5,12.3
"Santa Maria city, California",439.6414795,3100.181529,15.5,19.7
"Santa Monica city, California",689.7218552,4346.751754,5.4,10.4
"Santa Paula city, California",382.6391167,2328.632338,12.2,14.7
"Santa Rosa city, California",390.2815603,3390.303004,5.1,8.5
"Santee city, California",283.8605028,1936.334144,3.8,5.4
"Sarasota city, Florida",1130.585409,6837.52724,12.4,16.7
"Saratoga city, California",137.9219756,978.5892552,1.8,2.8
"Saratoga Springs city, New York",104.1899233,2720.101213,5.5,8.8
"Savannah city, Georgia",1039.065942,7106.770451,17.7,21.8
"Sayreville borough, New Jersey",235.524041,2011.976648,3.4,4.7
"Schenectady city, New York",728.8330783,4283.077506,16.8,20.8
"Scottsdale city, Arizona",265.9710739,4067.354496,3.4,5.8
"Scranton city, Pennsylvania",0,0,10.7,15
"Seaside city, California",878.4924381,2239.29445,9.3,12.1
"SeaTac city, Washington",0,0,9.8,11.5
"Seattle city, Washington",787.8110199,7448.477741,6.9,11.8
"Shaker Heights city, Ohio",206.7274001,2515.767344,5.3,6.9
"Shawnee city, Kansas",0,0,2.2,3.3
"Shawnee city, Oklahoma",292.1637508,5697.193141,13.8,17.8
"Sheboygan city, Wisconsin",171.8450629,4432.417485,6.2,8.3
"Shelton city, Connecticut",85.63800312,1493.627525,2.5,3.2
"Sherman city, Texas",558.0766087,5580.766087,9.6,13.3
"Shoreline city, Washington",240.1545995,2968.160753,4.4,6.9
"Shoreview city, Minnesota",0,0,1.3,2.1
"Shreveport city, Louisiana",978.8669159,7926.9948,18.7,22.8
"Sierra Vista city, Arizona",232.4230099,3767.189618,8,10.5
"Simi Valley city, California",114.7741775,1326.755231,3.9,5.8
"Sioux City city, Iowa",561.0396989,6006.912388,7.9,11.2
"Sioux Falls city, South Dakota",333.6744968,3233.563827,5.6,8.4
"Slidell city, Louisiana",612.8334535,7577.505407,9.5,11.8
"Smyrna city, Georgia",434.211855,5998.182369,6.7,8.9
"Smyrna town, Tennessee",409.8674634,4742.204857,6.7,8.8
"Socorro city, Texas",132.6861971,1833.164566,30.9,32.6
"Somerville city, Massachusetts",217.2396087,2479.164747,8.4,12.5
"South Bend city, Indiana",787.3004584,7605.302671,13.6,16.7
"South Gate city, California",865.7294348,2604.888566,17.4,19.2
"South Jordan city, Utah",108.9621357,2128.166712,0.9,1.7
"South San Francisco city, California",251.8474335,2589.720648,3.5,5.2
"Southaven city, Mississippi",255.2467385,6753.40329,5.3,6.7
"Southfield city, Michigan",977.5404763,6237.133256,5.8,7.4
"Southgate city, Michigan",330.0531752,3554.18373,2.6,4.6
"Sparks city, Nevada",395.4460378,4340.055447,6.5,8
"Spartanburg city, South Carolina",2293.763533,9541.485236,19.4,23.3
"Spokane city, Washington",653.8302585,7991.670817,11.1,15.9
"Spring Valley village, New York",1124.37595,3095.289776,15.2,18.7
"Springdale city, Arkansas",238.9324678,3421.693265,8.8,12.5
"Springfield city, Massachusetts",1824.764472,6352.981594,19.3,23.1
"Springfield city, Missouri",576.7952925,8569.040752,9.9,15.9
"Springfield city, Ohio",1281.348916,7923.971269,13.5,16.9
"Springfield city, Oregon",175.7267831,8257.24873,14.8,17.9
"St. Charles city, Missouri",123.6583074,2913.389722,4.6,6.3
"St. Clair Shores city, Michigan",230.9047822,2216.382087,2.6,3.7
"St. Cloud city, Minnesota",185.4605604,1994.954136,5,13.1
"St. George city, Utah",0,0,7.4,11.6
"St. Joseph city, Missouri",314.6465143,5201.50019,9.1,13
"St. Louis city, Missouri",2322.450747,12501.02427,20.8,24.6
"St. Louis Park city, Minnesota",169.1970002,3367.934882,3,5.2
"St. Paul city, Minnesota",906.655755,6185.56701,11.7,15.6
"St. Peters city, Missouri",197.6616257,3073.07886,1.5,2.7
"St. Petersburg city, Florida",1623.457735,6598.193203,9.2,13.3
"Stamford city, Connecticut",249.6238247,2416.21946,5.4,7.9
"Stanton city, California",433.564371,2574.841469,13.4,18
"State College borough, Pennsylvania",97.71497294,2602.600722,9.7,46.9
"Sterling Heights city, Michigan",203.9613111,2677.788932,4,5.2
"Stillwater city, Oklahoma",278.4528149,2979.445119,12.6,27.3
"Stockton city, California",1186.94362,5542.132105,18.9,23.9
"Stow city, Ohio",83.2357112,2293.606264,2.9,4
"Strongsville city, Ohio",76.58859571,1929.538492,1.3,2.2
"Suffolk city, Virginia",516.9003955,3820.568141,10.8,13.2
"Sugar Land city, Texas",133.4269663,2391.853933,3.2,3.8
"Suisun City city, California",241.2849323,1865.456641,4.6,6.5
"Summerville town, South Carolina",0,0,6.1,9.2
"Sumter city, South Carolina",0,0,13,16.6
"Sunnyvale city, California",146.7932214,1880.644046,3.7,5.4
"Sunrise city, Florida",419.9698542,5068.403309,7.3,9.7
"Superior city, Wisconsin",200.5084321,5120.126034,9.6,13.4
"Surprise city, Arizona",463.9414403,4139.388628,5.6,8.7
"Syracuse city, New York",996.7137107,4817.980333,21.7,27.3
"Tacoma city, Washington",1300.399288,8793.021136,11.4,15.9
"Tallahassee city, Florida",1268.648931,7474.178404,12.6,24.7
"Tamarac city, Florida",289.9165606,2045.325979,6.1,8.9
"Tampa city, Florida",2073.456443,8866.04906,14,18.1
"Taunton city, Massachusetts",468.8387085,2582.275699,8,10
"Taylor city, Michigan",518.0918786,4752.390663,8.9,10.8
"Taylorsville city, Utah",0,0,4.5,5.9
"Temecula city, California",429.5066928,3561.152579,5.6,6.7
"Tempe city, Arizona",543.0105437,7900.858934,7.5,14.3
"Temple City city, California",287.5999031,1389.561637,7.2,9.3
"Temple city, Texas",326.2312002,4714.685933,10.8,13.9
"Terre Haute city, Indiana",254.2545886,9286.788041,14.8,19.2
"Texarkana city, Arkansas",858.4032111,6942.733378,17.2,21.7
"Texarkana city, Texas",940.8682189,6645.626154,19.4,24
"Texas City city, Texas",976.9933817,7127.099185,12,14.9
"The Colony city, Texas",126.0987279,4020.324148,1.6,2.8
"Thornton city, Colorado",506.8183476,4928.413428,4,5.2
"Thousand Oaks city, California",150.2401379,1442.469521,3.2,5
"Tigard city, Oregon",235.8909321,5841.471148,5,6.6
"Titusville city, Florida",793.4883932,3346.747607,9.3,12.4
"Toledo city, Ohio",766.2933938,6968.440303,14.2,17.9
"Topeka city, Kansas",1013.151949,9337.170309,8.5,12.4
"Torrance city, California",327.3587429,2732.213508,4.5,6.4
"Torrington city, Connecticut",339.9749199,2547.025219,4.5,7.4
"Tracy city, California",229.7551789,3450.094162,5.2,7
"Trenton city, New Jersey",1575.579662,5727.816893,17.6,21.1
"Trotwood city, Ohio",740.2968238,6162.089752,13.6,15.3
"Troy city, Michigan",131.7886863,2910.647271,1.7,2.7
"Troy city, New York",554.3590224,3665.137185,14.3,19.1
"Tucson city, Arizona",906.601303,7980.76616,13.7,18.4
"Tulare city, California",889.0237073,4769.460519,16.9,20.7
"Tulsa city, Oklahoma",1124.962382,5723.510719,10.9,14.1
"Tupelo city, Mississippi",288.1463466,5440.414508,10.2,12.7
"Turlock city, California",554.3320019,5315.614618,12.4,16.2
"Tuscaloosa city, Alabama",1041.810882,11891.41169,14.2,23.6
"Tustin city, California",347.5132985,2897.468335,5.8,8.5
"Twentynine Palms city, California",438.4762949,2850.095917,13.6,16.8
"Twin Falls city, Idaho",456.6724925,5745.052715,9.8,14.1
"Tyler city, Texas",731.8779897,6451.538894,13,16.8
"Union City city, California",506.9746068,3003.305712,4.8,6.5
"Union City city, New Jersey",545.5379752,3567.24053,18.6,21.4
"University City city, Missouri",402.8624437,6109.196926,9.5,14.7
"University Place city, Washington",552.076772,4198.006595,6,7.3
"Upland city, California",440.1547734,3577.336344,9.1,12
"Upper Arlington city, Ohio",100.5562015,2105.395469,1.7,2.4
"Urbandale city, Iowa",83.74917123,2728.827163,2.5,3.7
"Utica city, New York",468.4337664,4095.123066,19.8,24.5
"Vacaville city, California",392.1524309,2157.403431,4.3,6.1
"Valdosta city, Georgia",0,0,18.8,24.7
"Vallejo city, California",1111.330083,4946.575612,7.7,10.1
"Valley Stream village, New York",0,0,2.4,3.5
"Valparaiso city, Indiana",93.95100094,2825.757028,4.8,9.1
"Vancouver city, Washington",487.7246371,5862.565284,9.4,12.2
"Vestavia Hills city, Alabama",61.96883853,1496.104816,2.2,3.1
"Vicksburg city, Mississippi",980.9888654,5821.488669,19.3,23
"Victoria city, Texas",688.6344161,5080.626315,12.2,14.7
"Victorville city, California",460.1760069,4280.610046,15.3,18.7
"Vineland city, New Jersey",709.7653928,4651.935247,9.8,13.8
"Virginia Beach city, Virginia",209.6628594,3751.083594,5.1,6.5
"Visalia city, California",828.5967176,4520.490973,12.9,16.8
"Vista city, California",419.5570812,2752.151422,10,14.2
"Waco city, Texas",830.8752536,7437.130734,19.3,26.3
"Walla Walla city, Washington",592.1564647,5752.377085,13.1,18
"Walnut city, California",214.1394079,1415.182174,5.8,6.5
"Walnut Creek city, California",193.0126431,3167.502057,1.7,3.7
"Waltham city, Massachusetts",51.42241022,1638.881977,3.6,7
"Warner Robins city, Georgia",518.0848195,5962.790339,11,13.2
"Warren city, Michigan",0,0,5.2,7.4
"Warren city, Ohio",0,0,16.2,19.4
"Warwick city, Rhode Island",190.1718298,2945.975446,4.2,5.9
"Washington city, District of Columbia",1507.886424,5768.635753,16.7,20.2
"Waterbury city, Connecticut",0,0,12.7,16
"Waterloo city, Iowa",501.2022609,5628.766824,10,13.7
"Watertown city, Massachusetts",210.9196095,2027.841388,4.5,6.3
"Watertown city, New York",272.5747833,2977.355326,14.4,19.3
"Watsonville city, California",806.0868871,4224.640187,15.4,19.1
"Waukesha city, Wisconsin",102.1276596,2062.669246,3,5.4
"Wausau city, Wisconsin",274.5348899,3814.169199,7.2,11.4
"Wauwatosa city, Wisconsin",301.8282166,5103.052777,2.3,3.8
"Wellington village, Florida",354.7536996,3716.467329,2.9,4.3
"Wenatchee city, Washington",434.3534057,7230.009872,10.6,15.3
"Weslaco city, Texas",370.3817074,6584.223576,26.5,30.9
"West Allis city, Wisconsin",263.9741305,4076.750478,4.6,6.5
"West Bend city, Wisconsin",33.64511137,2910.302133,3.4,5
"West Covina city, California",378.2991202,3862.170088,6.8,9
"West Des Moines city, Iowa",144.9880275,3721.359373,2.8,4.5
"West Haven city, Connecticut",138.1499113,3461.215346,6.6,8.8
"West Hollywood city, California",981.3966029,4335.400377,7.3,11.5
"West Jordan city, Utah",181.5546348,3789.220926,4.1,5.2
"West Lafayette city, Indiana",125.3616201,1918.997107,9.5,38.3
"West Memphis city, Arkansas",1142.654365,4481.902058,23.7,28.3
"West New York town, New Jersey",397.858441,2942.18773,16.1,18.9
"West Palm Beach city, Florida",1486.358667,12512.43751,14.5,18.9
"West Sacramento city, California",1296.224463,4108.482027,17.2,22.3
"West Valley City city, Utah",456.8160294,6168.873373,6.7,8.7
"Westerville city, Ohio",66.49512851,2810.141953,2.5,3.5
"Westfield city, Massachusetts",0,2053.058903,6.9,11.3
"Westfield town, New Jersey",42.99083964,1213.664473,1.7,2.7
"Westlake city, Ohio",80.47480133,1482.077591,1.3,2.5
"Westland city, Michigan",283.8330097,3026.786022,4.7,6.8
"Westminster city, California",374.1612646,3110.42875,10.7,13.5
"Westminster city, Colorado",0,0,3.1,4.7
"Weston city, Florida",639.5395315,4756.575266,3.9,5
"Wheat Ridge city, Colorado",439.4086815,5596.183422,5.9,8.9
"Wheeling city, West Virginia",0,0,13.1,18
"White Plains city, New York",368.3698204,4174.221747,6.5,9.8
"Whittier city, California",303.215552,2618.902066,7.8,10.5
"Wichita city, Kansas",612.2262854,5762.752753,8.4,11.2
"Wichita Falls city, Texas",569.4572664,5524.5129,10.8,13.9
"Wildwood city, Missouri",0,0,1.6,2.2
"Wilkes-Barre city, Pennsylvania",0,0,12.1,17.8
"Williamsport city, Pennsylvania",0,0,13.7,21.5
"Wilmington city, Delaware",0,7342.99127,16.8,21.3
"Wilmington city, North Carolina",1096.804265,10507.76357,13.3,19.6
"Wilson city, North Carolina",806.321561,6229.410003,16.5,21.6
"Winona city, Minnesota",217.7463255,3954.428805,6.5,17.3
"Winston-Salem city, North Carolina",1360.544218,8113.50309,11.3,15.2
"Winter Haven city, Florida",690.989497,6267.274737,10.5,15
"Winter Park city, Florida",307.9876805,3935.842566,5,7.8
"Winter Springs city, Florida",203.0620467,1924.254633,3.3,4.2
"Woburn city, Massachusetts",176.7473293,2167.754009,4.5,6.1
"Woodbury city, Minnesota",85.15283843,2181.222707,0.8,1.7
"Woodland city, California",574.3048472,2326.045501,9.2,11.9
"Woonsocket city, Rhode Island",351.5018716,2428.558386,16.7,19.4
"Worcester city, Massachusetts",865.9268269,4270.858187,14.1,17.9
"Wyandotte city, Michigan",156.838143,2556.461731,4.7,6.2
"Wyoming city, Michigan",369.6328028,3388.300692,5.1,7.3
"Yakima city, Washington",506.6156458,8435.958932,17.1,22.4
"Yonkers city, New York",491.3278875,2353.46559,13,15.5
"Yorba Linda city, California",214.6905142,1284.985871,2.5,3
"York city, Pennsylvania",0,0,20,23.8
"Youngstown city, Ohio",1158.55558,6384.63566,20.4,24.8
"Yuba City city, California",504.2948185,5159.323912,14.5,18.1
"Yucaipa city, California",180.8887141,2086.774151,8.8,11.2
"Yuma city, Arizona",0,0,12.1,14.7
"Zanesville city, Ohio",0,0,19.3,22.4
